DROP TABLE IF EXISTS paintings;
DROP TABLE IF EXISTS artists;
DROP TABLE IF EXISTS media;
DROP TABLE IF EXISTS artistCountries;


-- MySQL Script generated by MySQL Workbench
-- Modified Sep 27
-- Wed Sep 27 21:50:50 2017
-- Model: New Model    Version: 1.0
-- MySQL Workbench Forward Engineering


-- -----------------------------------------------------
-- Table media
-- -----------------------------------------------------
DROP TABLE IF EXISTS media;
CREATE TABLE media (
  med_medium VARCHAR(10) NOT NULL,
  med_description VARCHAR(30) DEFAULT NULL,
  PRIMARY KEY (med_medium));

INSERT INTO media VALUES ("watercolor","Watercolor on paper");
INSERT INTO media VALUES ("oil","Oil on canvas");
INSERT INTO media VALUES ("pastel","Pastel on paper");
INSERT INTO media VALUES ("mixed","Mixed Media");
INSERT INTO media VALUES ("crayon","Conte crayon on paper");
INSERT INTO media VALUES ("fresco","Tempera fresco on a wall");

-- -----------------------------------------------------
-- Table artistCountries
-- -----------------------------------------------------
DROP TABLE IF EXISTS artistCountries;
CREATE TABLE artistCountries (
  ctry_country CHAR(15) NOT NULL,
  ctry_continent CHAR(10) DEFAULT NULL,
  PRIMARY KEY (ctry_country));

INSERT INTO artistCountries VALUES ("Germany","Europe");
INSERT INTO artistCountries VALUES ("France","Europe");
INSERT INTO artistCountries VALUES ("Russia","Europe");
INSERT INTO artistCountries VALUES ("Italy","Europe");
INSERT INTO artistCountries VALUES ("USA","N America");
INSERT INTO artistCountries VALUES ("Holland","Europe");
INSERT INTO artistCountries VALUES ("Brazil","S America");
INSERT INTO artistCountries VALUES ("Spain","Europe");
INSERT INTO artistCountries VALUES ("England","Europe");
INSERT INTO artistCountries VALUES ("Luxembourg","Europe");
INSERT INTO artistCountries VALUES ("Canada","N America");

-- -----------------------------------------------------
-- Table artists
-- -----------------------------------------------------
DROP TABLE IF EXISTS artists;
CREATE TABLE artists (
  artist_name VARCHAR(32) NOT NULL,
  artist_origin VARCHAR(15) NULL DEFAULT NULL,
  artist_yearBorn INT(4) NULL DEFAULT 0,
  artist_yearDied INT(4) NULL DEFAULT 0,
  PRIMARY KEY (artist_name),
  CONSTRAINT 
    FOREIGN KEY (artist_origin) REFERENCES artistCountries (ctry_country));
CREATE UNIQUE INDEX artist_name ON artists ( artist_name ASC );

INSERT INTO artists VALUES("Cezanne, Paul","France",1839,1906);
INSERT INTO artists VALUES("Degas, Hilaire-Germaine","France",1834,1917);
INSERT INTO artists VALUES("Picasso, Pablo","Spain",1881,1973);
INSERT INTO artists VALUES("Seurat, Georges","France",1859,1891);
INSERT INTO artists VALUES("Van Gogh, Vincent","Holland",1853,1890);
INSERT INTO artists VALUES("Cassatt, Mary","USA",1844, 1926);
INSERT INTO artists VALUES("da Vinci, Leonardo","Italy",1452,1519);
INSERT INTO artists VALUES("Rembrandt van Rijn","Holland",1606,1669);
INSERT INTO artists VALUES("Vermeer, Johannes","Holland",1632,1675);

-- -----------------------------------------------------
-- Table paintings
-- -----------------------------------------------------
DROP TABLE IF EXISTS paintings;
CREATE TABLE paintings (
  ptg_title VARCHAR(32) NOT NULL,
  ptg_artist_name VARCHAR(32) NOT NULL,
  ptg_medium VARCHAR(10) NULL DEFAULT NULL,
  ptg_year_painted INT(4) NULL DEFAULT NULL,
  ptg_appraisal_amount DECIMAL(10,2) NULL DEFAULT NULL,
  PRIMARY KEY (ptg_title),
  CONSTRAINT 
    FOREIGN KEY (ptg_artist_name)
    REFERENCES artists (artist_name),
  CONSTRAINT 
    FOREIGN KEY (ptg_medium)
    REFERENCES media (med_medium));

INSERT INTO paintings VALUES ("Foliage","Cezanne, Paul","watercolor",1895,5000000);
INSERT INTO paintings VALUES ("The Bather","Cezanne, Paul","oil",1885,1500000);
INSERT INTO paintings VALUES ("At the Milliners","Degas, Hilaire-Germaine","pastel",1882,2500000);
INSERT INTO paintings VALUES ("Guitar","Picasso, Pablo","mixed",1913,850000);
INSERT INTO paintings VALUES ("Les Demoiselles d'Avignon","Picasso, Pablo","oil",1907,13000000);
INSERT INTO paintings VALUES ("Stone Breakers, Le Raincy","Seurat, Georges","crayon",1881,750000);
INSERT INTO paintings VALUES ("Evening, Honfleur","Seurat, Georges","oil",1886,500000);
INSERT INTO paintings VALUES ("The Starry Night","Van Gogh, Vincent","oil",1889,38000000);
INSERT INTO paintings VALUES ("La Jaconde [Mona Lisa]","da Vinci, Leonardo","oil",1503,2500000);
INSERT INTO paintings VALUES ("Last Supper","da Vinci, Leonardo","fresco",1498,30000000);
INSERT INTO paintings VALUES ("Self-Portrait","Rembrandt van Rijn","oil",1660,10000000);
INSERT INTO paintings VALUES ("Girl with a Pearl Earring","Vermeer, Johannes","oil",1660,25000000);
